Time (sec),Absolute load value (%),Absolute throttle position (%),Ambient air temperature (F),Barometric pressure (inHg),Calculated load value (%),Commanded fuel rail pressure A (inHg),Engine coolant temperature (F),Engine RPM (RPM),Fuel level input (%),Fuel rail pressure (psi),Fuel/Air commanded equivalence ratio,Intake air temperature (F),Intake manifold absolute pressure (inHg),Long term fuel % trim - Bank 1 (%),Mass air flow rate (lb/min),Vehicle speed (MPH),Acceleration (mph/s),Fuel rate (gal/hr),Instant fuel economy (MPG)
0,0,0,0,0,0,0,0,0,0,0,0,0,0,0,0,0,0,0,0
1.248,17.64706,11.37255,59,29.8254,30.19608,885.903,183.2,624.25,67.05882,429.3117,1.009306,93.2,11.22144,-2.34375,0.227556,0,0,0.1497325,0
2.004,17.2549,11.76471,59,29.8254,28.23529,900.668,183.2,658,67.05882,468.4719,1.009306,93.2,15.94625,-2.34375,0.21168,0,0,0.1392861,0
2.905,24.70588,12.54902,59,29.8254,39.60784,1346.573,183.2,692.75,67.05882,697.6315,1.009306,93.2,17.12746,-2.34375,0.134946,0,0,0.08879486,0
3.614,32.54902,15.29412,59,29.8254,58.43137,1948.987,183.2,768,67.05882,999.31,1.009306,93.2,20.37577,-2.34375,0.579474,0,0,0.3812956,0
5.337,37.2549,14.11765,59,29.8254,57.2549,1816.101,183.2,761,67.05882,884.7302,1.009306,93.2,18.30866,-2.34375,0.572859,0,0,0.3769429,0
6.207,33.33333,14.11765,59,29.8254,52.54902,1674.357,183.2,761.5,67.05882,831.0662,1.009306,93.2,18.30866,-2.34375,0.563598,0,0,0.3708491,0
7.242,32.54902,14.11765,59,29.8254,51.37255,1641.874,183.2,758,67.05882,820.9136,1.009306,93.2,18.30866,-2.34375,0.534492,0,0,0.3516973,0
8.174,32.15686,14.11765,59,29.8254,50.98039,1612.344,183.2,758.5,67.05882,771.6008,1.009306,93.2,18.01336,-2.34375,0.522585,0,0,0.3438624,0
9.197,31.76471,13.72549,59,29.8254,51.37255,1597.578,183.2,726.25,67.05882,806.4099,1.009306,93.2,18.01336,-2.34375,0.526554,1.242742,1.214801564,0.3464741,3.586827
9.998,31.76471,13.72549,59,29.8254,51.37255,1597.578,183.2,723.5,67.05882,771.6008,1.009306,93.2,17.71806,-2.34375,0.510678,1.864114,0.775745318,0.3360276,5.547501
11.095,31.76471,13.72549,59,29.8254,50.98039,1591.672,183.2,719.5,67.45098,791.9061,0.9917685,93.2,16.53686,-2.34375,0.519939,2.485485,0.56642753,0.3421214,7.264921
11.977,24.31373,14.90196,59,29.8254,39.21569,1104.426,183.2,735,67.45098,533.7389,0.99491,93.2,13.58385,-2.34375,0.246078,2.485485,0,0.1647833,15.08335
13.511,23.52941,13.33333,59,29.8254,37.64706,1104.426,183.2,715.25,67.45098,562.7464,0.994971,93.2,13.87915,-2.34375,0.457758,2.485485,0,0.3055644,8.134077
14.201,23.92157,13.72549,59,29.8254,39.60784,1151.674,183.2,675.5,67.45098,587.4028,0.9949405,93.2,14.76505,-2.34375,0.428652,2.485485,0,0.2861179,8.686924
15.065,25.4902,10.98039,59,29.8254,38.82353,1198.922,183.2,692.25,67.45098,757.097,0.994239,93.2,16.24155,0.78125,0.422037,1.242742,-1.438359954,0.2817112,4.411406
16.132,29.01961,14.5098,59,29.8254,44.31372,1600.531,183.2,878.75,67.45098,960.1498,0.9934155,93.2,24.21468,0.78125,0.448497,0,-1.164706654,0.2995846,0
17.192,38.03922,21.56863,59,29.8254,45.88235,2002.141,183.2,1400.25,67.45098,1023.966,0.989908,93.2,26.87239,0.78125,1.293894,2.485485,2.34479717,0.8650047,2.873377
18.459,42.7451,23.52941,59,29.8254,51.37255,2229.522,183.2,1827.5,67.45098,1093.585,0.9823135,93.2,27.75829,0.78125,1.645812,5.592341,2.452135754,1.10417,5.064744
19.631,47.84314,25.09804,59,29.8254,62.7451,2651.803,183.2,1482.5,67.45098,1435.874,0.987651,93.2,26.87239,5.46875,1.934226,9.320568,3.181081058,1.307699,7.127457
20.702,41.96078,23.13725,59,29.8254,47.45098,2031.671,183.2,1413.75,67.45098,949.9972,0.989969,93.2,26.28179,5.46875,1.460592,12.42742,2.900888889,0.9821461,12.65334
21.782,31.37255,15.29412,59,29.8254,30.58824,1142.815,183.2,1303.75,63.92157,459.7696,0.986736,93.2,7.677826,-2.34375,1.026648,14.29154,1.726037037,0.6887326,20.75049
22.665,11.37255,18.03922,59,29.8254,33.72549,1009.929,183.2,740,63.92157,468.4719,0.993751,93.2,12.69794,-2.34375,0.378378,13.67017,-0.703703284,0.2546687,53.67823
23.755,20.78431,12.54902,59,29.8254,33.72549,998.1174,183.2,694,63.92157,484.4261,0.993995,93.2,12.99324,-2.34375,0.365148,11.80605,-1.710201835,0.2440293,48.37965
24.738,21.96078,12.94118,59,29.8254,36.47059,1066.037,183.2,688.75,63.92157,523.5862,0.9938425,93.2,13.58385,-2.34375,0.394254,9.320568,-2.528465921,0.2634163,35.38342
25.815,27.05882,14.5098,59,29.8254,51.76471,1630.062,183.2,687.25,63.92157,876.028,0.993446,95,18.30866,-2.34375,0.6615,6.213712,-2.884731662,0.4420414,14.05685
26.703,33.33333,10.19608,59,29.8254,49.80392,1615.297,183.2,807.75,63.92157,820.9136,0.9894505,95,16.53686,-2.34375,0.586089,4.349598,-2.099227477,0.391805,11.10144
27.734,29.80392,16.07843,59,29.8254,47.05882,1777.712,183.2,1098.25,63.92157,964.501,0.9892065,95,24.80528,5.46875,0.814968,4.349598,0,0.5470124,7.951554
28.497,35.68628,20.78431,59,29.8254,43.92157,1860.396,183.2,1356.25,63.92157,925.3408,0.9848755,95,26.57709,5.46875,1.205253,4.97097,0.814380079,0.809174,6.143264
29.787,35.29412,19.21569,59,29.8254,41.56863,1810.195,183.2,1567.75,63.92157,884.7302,0.9840825,93.2,24.50998,5.46875,1.046493,6.835083,1.445048837,0.7056765,9.685859
30.971,31.37255,23.13725,59,29.8254,44.70588,1990.329,183.2,1336.75,63.92157,1083.432,0.985455,93.2,27.75829,5.46875,1.091475,8.699197,1.574420608,0.7366021,11.8099
31.961,48.23529,22.7451,59,29.8254,60.78431,2371.267,183.2,1269.75,62.35294,1316.943,0.9860955,93.2,28.6442,5.46875,1.36269,9.941939,1.255294949,0.9183558,10.8258
32.946,67.05882,33.72549,59,29.8254,74.90196,2896.903,183.2,1501.5,62.35294,1450.377,0.9903655,93.2,28.3489,5.46875,2.516346,12.42742,2.523330964,1.694736,7.332955
33.915,50.19608,24.31373,59,29.8254,55.68628,2421.468,183.2,1649.25,62.35294,1153.05,0.9889625,93.2,24.50998,5.46875,2.000376,14.91291,2.56500516,1.341426,11.1172
34.944,34.11765,20.39216,59,29.8254,43.13726,2008.047,183.2,1452.5,62.35294,1327.095,0.988078,93.2,28.9395,5.46875,1.438101,16.77702,1.811574344,0.96574,17.37219
35.843,62.35294,31.37255,59,29.8254,74.5098,2696.098,183.2,1362.75,62.35294,1251.676,0.986736,93.2,27.16769,5.46875,2.364201,18.01976,1.382358176,1.589073,11.3398
36.52,41.56863,20.39216,59,29.8254,44.70588,1866.302,183.2,1424.75,62.35294,894.8828,0.989481,93.2,25.10059,5.46875,1.496313,19.26251,1.835672083,1.007099,19.12673
38,29.01961,14.90196,59,29.8254,28.62745,1122.144,183.2,1398.5,62.35294,443.8155,0.987224,93.2,6.201321,-2.34375,0.911547,19.88388,0.419844595,0.611818,32.49966
38.791,10.19608,11.76471,59,29.8254,13.33333,885.903,183.2,1288.75,62.35294,459.7696,1.000003,93.2,5.610719,-2.34375,0.257985,19.26251,-0.785549937,0.1735519,110.9899
39.859,10.19608,11.37255,59,29.8254,12.94118,885.903,183.2,1158.25,62.35294,468.4719,1.000003,93.2,5.610719,-2.34375,0.220941,18.64114,-0.581807116,0.1467322,127.0419
40.907,10.19608,10.98039,59,29.8254,13.33333,885.903,183.2,981.5,62.35294,474.2734,1.000003,93.2,5.90602,-2.34375,0.206388,16.15565,-2.371650763,0.1370672,117.8666
42.943,11.37255,10.58823,59,29.8254,25.09804,885.903,183.2,671.75,70.98039,433.6628,1.000003,95,12.69794,-2.34375,0.182574,13.04879,-1.525962672,0.1212518,107.6174
44.14,20,14.11765,59,29.8254,38.43137,1133.956,183.2,623.25,70.98039,587.4028,0.9047825,95,15.94625,-2.34375,0.287091,7.456454,-4.6719599,0.190664,39.10782
44.953,26.66667,12.94118,59,29.8254,44.31372,1494.223,183.2,812.5,70.98039,954.3483,0.904142,95,20.08047,5.46875,0.441882,4.349598,-3.821471095,0.3243492,13.41023
45.877,34.11765,19.60784,59,29.8254,41.96078,1777.712,183.2,1411,70.98039,870.2264,0.9003905,95,26.87239,5.46875,1.551879,4.349598,0,1.139913,3.815727
47.119,43.92157,23.13725,59,29.8254,50.98039,2188.18,183.2,1711.75,70.98039,1054.424,0.901153,93.2,24.50998,5.46875,1.743714,6.835083,2.001195652,1.28616,5.314333
48.466,42.7451,22.7451,59,29.8254,59.21569,2338.784,183.2,1301,70.98039,1173.355,0.990945,93.2,26.57709,5.46875,1.512189,9.320568,1.845200445,1.114444,8.363425
49.541,45.88235,22.7451,59,29.8254,55.29412,2492.34,183.2,1408,70.98039,1296.637,0.9920125,93.2,27.75829,5.46875,1.456623,11.80605,2.312076279,0.9762213,12.09362
50.517,65.4902,34.11765,59,29.8254,75.68627,3062.271,183.2,1632.5,70.98039,1549.003,0.992592,93.2,28.3489,5.46875,2.320542,13.67017,1.909959016,1.553542,8.799355
51.611,55.29412,26.66667,59,29.8254,65.09804,2864.42,183.2,1751.75,70.98039,1370.607,0.9917075,91.4,27.46299,5.46875,2.300697,16.15565,2.271919561,1.539357,10.49506
52.971,50.98039,27.84314,59,29.8254,57.2549,2787.641,183.2,1665.75,70.98039,1495.339,0.991128,91.4,28.9395,5.46875,2.230578,18.01976,1.370669118,1.493773,12.06326
54.095,62.35294,28.23529,59,29.8254,68.62745,2932.339,183.2,1526,50.19608,1401.065,0.990823,91.4,28.3489,5.46875,2.607633,19.88388,1.658469751,1.7473,11.37978
54.773,50.98039,23.13725,59,29.8254,54.5098,2421.468,183.2,1612.25,50.19608,1173.355,0.991128,91.4,25.39589,5.46875,2.087694,21.74799,2.749424779,1.399334,15.54167
56.239,38.82353,20,59,29.8254,41.96078,1848.584,183.2,1644.25,50.19608,800.6083,0.99003,91.4,19.19456,5.46875,1.758267,22.99073,0.847708049,1.178164,19.51403
57.519,11.76471,10.19608,59,29.8254,17.64706,885.903,183.2,1051.25,50.19608,459.7696,0.9945135,91.4,6.201321,5.46875,0.099225,22.99073,0,0.06656155,345.4056
58.452,10.98039,10.98039,59,29.8254,15.68627,885.903,183.2,935.25,50.19608,468.4719,1.000003,91.4,6.496622,-2.34375,0.207711,21.12662,-1.997974277,0.1387074,152.3107
59.447,10.58823,10.98039,59,29.8254,14.5098,885.903,183.2,1063.5,50.19608,474.2734,1.000003,91.4,6.201321,-2.34375,0.203742,17.39839,-3.746964824,0.1353099,128.5818
60.718,11.37255,10.58823,59,29.8254,17.64706,885.903,183.2,807.5,50.19608,443.8155,1.000003,93.2,10.04023,-2.34375,0.197127,13.67017,-2.933296617,0.1309168,104.4188
61.735,20.78431,16.47059,59,29.8254,39.21569,1169.392,183.2,664.75,50.19608,587.4028,0.9048435,93.2,15.06035,-2.34375,0.603288,8.699197,-4.887879056,0.400658,21.71227
62.542,26.66667,13.33333,59,29.8254,45.4902,1343.62,183.2,679.5,50.19608,662.8224,0.904203,93.2,16.53686,5.46875,0.481572,3.728227,-6.159814126,0.3534585,10.54785
63.228,35.68628,20,59,29.8254,47.84314,1869.255,183.2,1313.5,50.19608,949.9972,0.9017935,93.2,27.16769,5.46875,1.088829,3.106856,-0.90578863,0.7997319,3.884872
64.674,47.45098,24.31373,59,29.8254,56.86274,2483.481,185,1769.5,46.66667,1216.867,0.9012445,91.4,28.05359,5.46875,1.551879,4.97097,1.289152144,1.142882,4.349504
65.628,54.5098,28.23529,59,29.8254,70.58823,2970.728,185,1522.75,46.66667,1544.652,0.9924395,91.4,28.9395,5.46875,2.435643,9.941939,5.210659329,1.794823,5.53923
66.663,81.17647,40.39216,59,29.8254,96.86275,3620.39,185,1718.5,46.66667,1747.705,0.994666,91.4,28.9395,7.8125,3.771873,12.42742,2.401430918,2.524083,4.923539
67.411,82.74509,50.58823,59,29.8254,97.25491,3998.375,185,1874.75,46.66667,1985.567,0.9937815,91.4,28.9395,7.8125,2.992626,16.15565,4.984264706,1.99814,8.085346
68.328,69.41177,30.98039,59,29.8254,69.80392,3629.249,185,2091,46.66667,1772.361,0.992592,89.6,27.75829,7.8125,3.319407,19.26251,3.388069793,2.2183,8.683455
69.833,41.56863,23.92157,59,29.8254,58.43137,2651.803,185,1806.25,46.66667,1306.79,0.992897,89.6,28.05359,7.8125,2.512377,22.36936,2.064352159,1.680988,13.30727
70.857,48.23529,25.4902,59,29.8254,60,2920.527,185,1742.75,46.66667,1456.179,0.990945,89.6,28.6442,5.46875,2.030805,23.6121,1.213613281,1.358359,17.38281
72.308,42.35294,21.17647,59,29.8254,38.03922,1562.142,185,1196.5,46.66667,449.617,0.9910365,89.6,7.677826,5.46875,1.678887,25.47622,1.28471399,1.125182,22.64187
73.178,10.19608,11.37255,59,29.8254,11.37255,885.903,185,1129.5,46.66667,449.617,1.000003,89.6,6.201321,-2.34375,0.30429,25.47622,0,0.2039148,124.9356
74.265,10.58823,11.37255,59,29.8254,13.72549,885.903,185,1061.25,46.66667,439.4644,1.000003,89.6,7.677826,-2.34375,0.22491,23.6121,-1.714921803,0.1493681,158.08
75.215,17.2549,13.33333,59,29.8254,28.23529,924.2921,185,817,78.03922,443.8155,0.9042945,89.6,12.10734,-2.34375,0.900963,21.74799,-1.962221053,0.5983511,36.34654
75.924,20.39216,12.54902,59,29.8254,32.15686,939.0572,185,718,78.03922,459.7696,0.9049045,89.6,12.10734,-2.34375,0.422037,18.64114,-4.382016925,0.3099498,60.14244
77.237,19.60784,12.54902,59,29.8254,32.15686,885.903,185,661.75,78.03922,459.7696,0.9950015,89.6,10.33554,-2.34375,0.38367,15.53428,-2.366230008,0.2815826,55.16776
78.043,21.96078,12.94118,59,29.8254,38.03922,1074.896,185,651.25,78.03922,523.5862,0.994727,89.6,13.87915,-2.34375,0.668115,7.456454,-10.02211663,0.4459418,16.72069
79.306,29.41176,14.90196,59,29.8254,55.29412,1819.054,185,978.25,78.03922,1048.623,0.9948185,89.6,28.3489,5.46875,0.386316,4.97097,-1.967920823,0.2579226,19.2731
80.598,46.66667,23.52941,59,29.8254,59.60784,2737.44,185,1745.5,78.03922,1505.492,0.9909755,89.6,27.75829,5.46875,1.533357,6.213712,0.961874613,1.023647,6.070172
81.473,57.64706,27.84314,59,29.8254,65.4902,3071.13,185,1842,78.03922,1440.225,0.990274,87.8,28.6442,7.8125,2.602341,10.56331,4.970969143,1.744022,6.056868
82.152,52.54902,28.62745,59,29.8254,60,2722.675,185,1783.5,78.03922,1267.63,0.990091,87.8,27.46299,7.8125,2.481948,13.04879,3.660500736,1.664516,7.839393
83.287,41.17647,19.60784,59,29.8254,43.92157,1957.846,185,1530,78.03922,1103.737,0.9904265,87.8,26.87239,5.46875,1.735776,14.91291,1.642396476,1.164312,12.80835
83.949,41.17647,23.52941,59,29.8254,53.33333,2577.978,185,1410.75,78.03922,1386.561,0.9898775,87.8,29.2348,5.46875,1.391796,16.15565,1.877250755,0.9332629,17.31093
84.915,63.92157,32.54902,59,29.8254,76.07843,2923.48,185,1513.25,56.86274,1499.69,0.990335,87.8,29.8254,7.8125,2.39463,16.77702,0.643240166,1.6066,10.44257
86.556,68.62745,31.76471,59,29.8254,70.19608,3003.211,185,1608.5,56.86274,1435.874,0.991555,87.8,28.6442,7.8125,2.749194,19.26251,1.514619135,1.843631,10.44814
87.474,49.01961,22.7451,59,29.8254,50.19608,2084.825,185,1664.75,56.86274,939.8445,0.9806055,87.8,21.85227,5.46875,2.173689,22.36936,3.384368192,1.455899,15.36464
88.709,14.5098,9.411765,59,29.8254,14.90196,885.903,185,1140.25,56.86274,453.9681,0.992531,87.8,7.382525,5.46875,0.095256,23.6121,1.006267206,0.06451321,366.0042
89.522,8.627451,10.19608,59,29.8254,14.5098,885.903,185,1056.5,56.86274,459.7696,1.000003,87.8,6.496622,-2.34375,0.210357,22.99073,-0.764292743,0.1407549,163.3388
90.275,10.58823,11.76471,59,29.8254,14.11765,885.903,185,972.5,56.86274,433.6628,0.9043555,87.8,10.63084,-2.34375,0.41013,22.36936,-0.825192563,0.2723772,82.12643
91.147,19.60784,13.33333,59,29.8254,30.58824,936.1042,185,771.75,56.86274,493.1283,0.904447,87.8,12.69794,-2.34375,0.547722,20.50525,-2.137740826,0.4022274,50.97924
92.072,20.78431,12.94118,59,29.8254,33.33333,962.6813,185,712.75,56.86274,493.1283,0.9049045,87.8,12.99324,-2.34375,0.400869,17.39839,-3.358767568,0.2943541,59.10703
92.918,21.17647,12.94118,59,29.8254,34.90196,1018.788,185,704.5,56.86274,519.2351,0.904874,89.6,12.99324,5.46875,0.399546,13.67017,-4.406879433,0.2932343,46.61858
94.165,28.23529,20.39216,59,29.8254,49.01961,2090.731,185,1405,56.86274,1138.546,0.9018545,89.6,28.6442,5.46875,0.17199,13.04879,-0.49829992,0.1262309,103.3724
95.339,61.17647,28.62745,59,29.8254,75.29412,3511.129,185,1794.5,56.86274,1718.697,0.900543,89.6,29.5301,7.8125,2.374785,13.04879,0,1.748793,7.461599
96.582,61.17647,31.76471,59,29.8254,70.19608,2908.715,185,1471.75,56.86274,1401.065,0.993873,89.6,29.5301,7.8125,2.642031,15.53428,1.999589702,1.948427,7.972729
98.183,60.78431,32.15686,59,29.8254,68.62745,2902.809,185,1507.25,56.86274,1376.408,0.9917075,86,26.87239,5.46875,2.63277,18.64114,1.940574641,1.759271,10.59594
99.167,16.86275,9.411765,59,29.8254,11.76471,885.903,185,1394.5,56.86274,527.9374,0.9940255,86,5.610719,5.46875,0.107163,21.12662,2.525894309,0.07176488,294.3866
100.184,10.19608,11.37255,59,29.8254,12.54902,885.903,185,1133,56.86274,543.8915,1.000003,86,5.90602,-2.34375,0.240786,19.26251,-1.832949853,0.1608735,119.737
101.085,10.19608,10.98039,59,29.8254,14.11765,885.903,185,954.25,56.86274,548.2427,1.000003,86,6.496622,-2.34375,0.232848,15.53428,-4.137880133,0.1546399,100.4545
102.248,11.37255,18.82353,59,29.8254,27.05882,885.903,185,916.25,56.86274,429.3117,1.000003,87.8,14.17445,5.46875,0.174636,13.04879,-2.137136715,0.11598,112.5091
103.477,32.54902,16.86275,59,29.8254,43.13726,1895.832,185,1116,56.86274,1029.768,0.9014885,87.8,28.05359,5.46875,1.009449,12.42742,-0.50558991,0.6703992,18.53735
105.36,65.88235,32.94118,59,29.8254,82.74509,3012.07,185,1540.5,56.86274,1559.156,0.901397,87.8,28.9395,7.8125,1.694763,13.04879,0.329989379,1.248531,10.45131
106.434,56.47059,27.05882,59,29.8254,52.15686,1771.806,185,1316.75,56.86274,691.83,0.992165,87.8,13.28854,7.8125,2.18295,17.39839,4.04990689,1.608342,10.8176
107.682,14.11765,9.411765,59,29.8254,12.54902,885.903,185,1221,83.92157,398.8538,1.000003,87.8,10.33554,5.46875,0.116424,18.64114,0.995793269,0.07793083,239.201
109.208,22.35294,15.29412,59,29.8254,27.84314,1012.882,185,1241.75,83.92157,488.7772,0.904081,87.8,12.69794,5.46875,0.666792,17.39839,-0.81438401,0.4428326,39.28888
110.414,12.54902,11.76471,59,29.8254,14.90196,885.903,185,1167,83.92157,459.7696,1.000003,87.8,6.201321,-2.34375,0.093933,17.39839,0,0.06900197,252.1434
111.325,10.19608,10.98039,59,29.8254,13.72549,885.903,185,966.25,83.92157,468.4719,1.000003,87.8,6.496622,-2.34375,0.210357,16.15565,-1.364149286,0.1397031,115.6427
113.001,18.82353,13.72549,59,29.8254,39.21569,1240.264,185,787,83.92157,622.2119,0.904386,87.8,18.60396,5.46875,0.512001,13.04879,-1.853735084,0.3400321,38.37518
113.711,50.98039,23.52941,59,29.8254,62.35294,2893.95,185,1575,83.92157,1564.957,0.901336,87.8,28.6442,5.46875,2.111508,9.941939,-4.375846479,1.550564,6.411823
114.569,83.13725,40.39216,59,29.8254,96.86275,4429.515,185,2088.75,83.92157,2219.077,0.902068,87.8,29.5301,7.8125,3.695139,11.18468,1.448416084,2.722668,4.107985
115.707,54.11765,36.07843,59,29.8254,61.56863,2932.339,185,1835.5,83.92157,1485.186,0.991372,87.8,29.2348,7.8125,3.177846,13.67017,2.184086116,2.339614,5.842915
116.534,54.11765,27.45098,59,29.8254,54.5098,2468.716,185,1895.25,83.92157,1157.401,0.9913415,84.2,28.3489,5.46875,2.612925,16.15565,3.00541717,1.750415,9.229613
117.233,43.13726,27.45098,59,29.8254,47.84314,2185.227,185,1986.5,83.92157,989.1573,0.992226,84.2,25.69119,5.46875,2.210733,18.01976,2.666824034,1.481029,12.16705
118.025,31.37255,18.43137,59,29.8254,35.29412,1420.398,185,1563.75,60.39216,562.7464,0.9931105,84.2,13.58385,5.46875,1.845585,19.26251,1.569128788,1.235305,15.59332
118.727,14.90196,9.803922,59,29.8254,13.72549,885.903,185,1317.75,60.39216,453.9681,0.9948795,84.2,6.496622,5.46875,0.138915,19.88388,0.88514245,0.09289712,214.0419
119.547,8.627451,10.58823,59,29.8254,12.94118,885.903,185,1211,60.39216,459.7696,1.000003,86,5.90602,-2.34375,0.280476,19.26251,-0.757768293,0.1872302,102.8814
120.457,9.803922,11.37255,59,29.8254,13.33333,885.903,185,1004,60.39216,464.1208,1.000003,86,6.201321,-2.34375,0.206388,16.77702,-2.731307692,0.1370672,122.4
121.439,10.58823,10.98039,59,29.8254,16.47059,885.903,185,785.25,60.39216,424.9606,1.000003,86,9.744933,-2.34375,0.210357,13.67017,-3.163798371,0.1397031,97.85154
122.423,15.29412,13.33333,59,29.8254,32.54902,977.4463,185,673.5,60.39216,498.9298,0.904691,86,13.87915,-2.34375,0.301644,10.56331,-3.157378049,0.200329,52.72981
123.514,21.17647,11.37255,59,29.8254,39.21569,1136.909,185,656.5,60.39216,593.2043,0.9048435,87.8,15.65095,-2.34375,0.354564,7.456454,-2.847714024,0.2602825,28.64754
124.619,27.45098,12.94118,59,29.8254,45.4902,1325.901,185,661,60.39216,681.6774,0.9038675,87.8,15.35565,-2.34375,0.455112,3.106856,-3.936287783,0.3340377,9.300914
125.588,25.4902,12.94118,59,29.8254,41.96078,1190.063,185,633.5,60.39216,578.7006,0.904325,87.8,15.06035,-2.34375,0.402192,0,-3.206249742,0.2955149,0
126.485,23.13725,9.411765,59,29.8254,34.90196,977.4463,185,637.75,60.39216,509.0825,0.904325,87.8,12.40264,-2.34375,0.318843,0,0,0.2341548,0
128.258,19.21569,12.15686,59,29.8254,32.54902,912.4801,185,614.75,67.05882,439.4644,0.904325,89.6,12.10734,-2.34375,0.329427,0,0,0.2419275,0
129.081,28.23529,12.94118,59,29.8254,46.27451,1387.915,185,720.5,67.05882,730.9902,0.904325,89.6,18.30866,-2.34375,0.799092,0,0,0.5868443,0
129.974,34.5098,21.17647,59,29.8254,48.62745,1884.02,185,1298,67.05882,984.8062,0.9019155,89.6,27.46299,5.46875,0.67473,1.864114,2.087473684,0.4955143,3.761978
131.195,40,21.96078,59,29.8254,43.92157,1987.376,185,1538.5,67.05882,1003.661,0.8956325,89.6,25.39589,5.46875,1.303155,3.728227,1.526710074,0.9595793,3.885272
132.489,38.43137,20.78431,59,29.8254,45.09804,1943.081,185,1722.25,67.05882,919.5392,0.991311,86,26.28179,5.46875,1.452654,7.456454,2.881164606,1.077167,6.922283
133.531,77.25491,33.72549,59,29.8254,96.07843,3366.431,185,1637.75,67.05882,1638.926,0.9951845,86,28.6442,5.46875,2.055942,9.320568,1.788976967,1.377373,6.766916
134.684,83.13725,40,59,29.8254,98.43137,3065.224,185,1556.25,67.05882,1540.301,0.9952455,86,30.1207,7.8125,2.812698,12.42742,2.694581093,1.877025,6.620807
135.355,83.13725,47.84314,59,29.8254,99.60784,3661.732,185,1793.25,67.05882,1921.75,0.994239,86,28.9395,7.8125,4.155543,16.15565,5.556229508,2.77299,5.826077
136.195,86.66666,53.72549,59,29.8254,95.68627,4382.267,185,2023.5,67.05882,2213.276,0.993385,84.2,28.9395,7.8125,5.449437,18.01976,2.219178571,3.640085,4.950369
137.994,64.70588,30.98039,59,29.8254,72.94118,4332.065,185,2161,67.05882,1901.445,0.9906095,84.2,28.3489,7.8125,3.654126,20.50525,1.381595331,2.442961,8.393603
139.077,43.92157,19.60784,59,29.8254,47.05882,1943.081,185,1802.75,60.39216,751.2955,0.990762,84.2,19.19456,5.46875,2.216025,24.85485,4.016251154,1.485672,16.7297
140.077,22.7451,12.94118,59,29.8254,20.78431,885.903,185,1181.75,60.39216,459.7696,0.9918295,84.2,7.382525,5.46875,0.685314,25.47622,0.62137,0.4593788,55.45798
141.285,9.803922,11.76471,59,29.8254,14.90196,885.903,185,1092.25,60.39216,464.1208,1.000003,84.2,6.201321,-2.34375,0.240786,24.23348,-1.028758278,0.1612296,150.3041
141.995,10.19608,11.37255,59,29.8254,14.5098,885.903,185,1017.5,60.39216,468.4719,1.000003,84.2,6.201321,-2.34375,0.193158,22.36936,-2.625521127,0.1282809,174.378
142.747,10.58823,10.98039,59,29.8254,14.5098,885.903,185,1113.5,60.39216,478.6245,1.000003,84.2,5.90602,-2.34375,0.218295,19.88388,-3.305159574,0.1449749,137.1539
143.62,10.58823,11.37255,59,29.8254,13.72549,885.903,185,1044.5,60.39216,484.4261,1.000003,84.2,5.90602,-2.34375,0.216972,17.39839,-2.847067583,0.1440963,120.7414
144.657,10.98039,10.98039,59,29.8254,16.07843,885.903,185,834,60.39216,478.6245,1.000003,87.8,8.563729,-2.34375,0.201096,14.29154,-2.995998071,0.1335527,107.0105
146.095,15.68627,13.33333,59,29.8254,33.72549,1021.741,185,655.5,60.39216,523.5862,0.9045385,87.8,13.87915,-2.34375,0.37044,10.56331,-2.592649513,0.2460181,42.93713
147.076,23.13725,13.33333,59,29.8254,43.92157,1272.747,185,651.5,60.39216,662.8224,0.9047825,87.8,15.35565,-2.34375,0.367794,6.213712,-4.433840979,0.2700401,23.01033
147.834,29.01961,17.64706,59,29.8254,61.56863,2099.59,185,1208.75,60.39216,1079.081,0.9039895,87.8,26.28179,-2.34375,0.444528,3.728227,-3.279003958,0.3262914,11.42607
149.399,49.01961,25.88235,59,29.8254,61.56863,2935.292,185,1991,46.66667,1499.69,0.901275,86,26.87239,7.8125,1.664334,4.349598,0.397042173,1.222722,3.557307
150.355,53.33333,27.45098,59,29.8254,59.21569,3180.392,185,1955.25,46.66667,1559.156,0.995398,86,28.3489,7.8125,2.683044,11.18468,7.149667364,1.977066,5.657212
151.554,80.78432,37.2549,59,29.8254,97.64706,3478.646,185,1787.75,46.66667,1872.437,0.994971,86,28.9395,7.8125,3.365712,13.67017,2.072969141,2.245592,6.087555
152.479,62.35294,30.19608,59,29.8254,61.56863,2731.534,185,2044,46.66667,1208.164,0.992348,86,26.28179,7.8125,3.326022,18.01976,4.702259459,2.220063,8.116779
153.729,41.56863,25.88235,59,29.8254,50.98039,2554.354,185,1744.5,46.66667,1296.637,0.9926225,82.4,27.46299,5.46875,2.245131,20.50525,1.988392,1.502548,13.64698
154.571,48.23529,25.09804,59,29.8254,57.2549,2539.589,185,1671,46.66667,1267.63,0.991433,82.4,26.87239,5.46875,1.934226,21.74799,1.475938242,1.294118,16.80527
155.613,46.66667,25.09804,59,29.8254,56.07843,2371.267,185,1735.75,46.66667,1113.89,0.991311,82.4,25.39589,5.46875,1.857492,22.99073,1.192648752,1.244269,18.4773
156.553,32.54902,16.47059,59,29.8254,33.72549,1452.881,185,1613,46.66667,622.2119,0.990823,82.4,16.24155,5.46875,1.267434,24.23348,1.322074468,0.8491142,28.53971
157.58,19.60784,13.33333,59,29.8254,21.56863,885.903,185,1168,46.66667,443.8155,0.9941475,82.4,7.677826,-2.34375,0.460404,24.23348,0,0.3085984,78.52755
158.82,9.411765,10.58823,59,29.8254,10.98039,885.903,185,1103.5,46.66667,453.9681,1.000003,82.4,6.201321,-2.34375,0.2646,23.6121,-0.501112903,0.1767623,133.5811
159.943,10.58823,10.98039,59,29.8254,14.11765,885.903,185,1042,74.5098,464.1208,1.000003,82.4,6.496622,-2.34375,0.220941,22.36936,-1.106625111,0.1467322,152.4503
160.763,10.98039,10.98039,59,29.8254,14.5098,885.903,185,1117.5,74.5098,468.4719,1.000003,82.4,5.90602,-2.34375,0.201096,19.88388,-3.031073171,0.1335527,148.8842
162.061,10.58823,11.37255,59,29.8254,14.11765,885.903,185,961.75,74.5098,433.6628,1.000003,86,11.22144,-2.34375,0.219618,16.77702,-2.39357473,0.1458536,115.0265
163.103,25.4902,15.68627,59,29.8254,46.27451,1532.612,185,754.5,74.5098,810.7609,0.904447,86,16.83216,-2.34375,1.025325,10.56331,-5.963253359,0.6809429,15.51277
164.244,33.33333,14.90196,59,29.8254,55.29412,1762.947,185,715.75,74.5098,870.2264,0.902312,86,18.89926,-2.34375,0.72765,4.97097,-4.901262051,0.534306,9.303599
164.953,32.94118,13.33333,59,29.8254,51.37255,1635.968,185,753.5,74.5098,835.4174,0.904325,86,18.30866,-2.34375,0.390285,0,-7.011241185,0.2872604,0
166.167,32.15686,20,59,29.8254,60.78431,2179.321,185,1302.25,74.5098,1276.332,0.9019155,86,27.46299,5.46875,0.858627,1.242742,1.023675453,0.6305662,1.970836
167.168,58.82353,28.23529,59,29.8254,70.19608,3496.364,185,1930,74.5098,2169.765,0.900665,86,28.3489,5.46875,2.329803,4.349598,3.103752248,1.715553,2.535392
168.419,67.45098,31.37255,59,29.8254,75.68627,4388.173,185,2648,74.5098,2145.108,0.9940865,86,26.57709,7.8125,3.950478,10.56331,4.966996003,2.912977,3.626294
169.338,83.13725,41.56863,59,29.8254,97.64706,4051.53,185,1897.25,74.5098,2079.841,0.9940255,86,28.9395,7.8125,4.383099,15.53428,5.409107726,2.928247,5.304975
170.557,86.66666,47.84314,59,29.8254,78.82353,4045.624,185,2163.75,46.66667,1852.132,0.9940865,80.6,27.75829,7.8125,3.835377,19.26251,3.058433142,2.562484,7.517122
171.481,57.2549,29.01961,59,29.8254,69.41177,4148.979,185,2048,46.66667,2089.994,0.9923175,80.6,28.6442,7.8125,3.418632,22.99073,4.03487013,2.283909,10.0664
172.594,68.62745,36.07843,59,29.8254,78.03922,3968.845,185,1951.25,46.66667,1891.292,0.9929275,80.6,29.2348,7.8125,3.594591,25.47622,2.233144654,2.405745,10.58974
173.548,53.72549,28.62745,59,29.8254,56.07843,2577.978,185,2063.75,46.66667,1173.355,0.991006,80.6,26.57709,7.8125,3.151386,27.9617,2.605324948,2.107826,13.26566
174.493,43.13726,29.41176,59,29.8254,59.60784,2746.299,185,1634,46.66667,1356.103,0.9919515,80.6,27.46299,5.46875,2.380077,29.82582,1.972613757,1.595017,18.69937
175.242,43.92157,22.7451,59,29.8254,50.98039,2270.865,185,1528.25,46.66667,1097.936,0.99125,80.6,26.57709,5.46875,1.664334,30.44719,0.829599466,1.114296,27.32414
176.203,43.13726,22.7451,59,29.8254,50.19608,2256.1,185,1556.75,46.66667,1153.05,0.9910365,80.6,26.57709,5.46875,1.709316,31.06856,0.646586889,1.145222,27.12884
176.886,39.21569,18.03922,59,29.8254,40.39216,1662.545,185,1564.25,46.66667,677.3262,0.9903655,80.6,15.06035,5.46875,1.50822,32.3113,1.819531479,1.010708,31.96898
177.89,16.47059,9.411765,59,29.8254,12.54902,885.903,185,1534.75,46.66667,443.8155,1.000003,80.6,5.315418,-2.34375,0.071442,32.3113,0,0.04790808,674.4437
179.091,10.58823,11.76471,59,29.8254,12.15686,885.903,185,1436.25,46.66667,464.1208,1.000003,80.6,5.315418,-2.34375,0.30429,31.68993,-0.517377186,0.2020863,156.8139
179.931,10.58823,11.76471,59,29.8254,12.15686,885.903,185,1405.5,67.45098,474.2734,1.000003,80.6,5.315418,-2.34375,0.279153,30.44719,-1.479452381,0.1853922,164.2312
181,10.19608,11.76471,59,29.8254,12.15686,885.903,185,1356.5,67.45098,484.4261,1.000003,80.6,5.315418,-2.34375,0.281799,29.20445,-1.162525725,0.1871495,156.0488
181.979,10.19608,11.37255,59,29.8254,12.15686,885.903,185,1321.75,67.45098,488.7772,1.000003,84.2,5.610719,-2.34375,0.259308,28.58307,-0.634708887,0.1722127,165.9755
182.829,10.19608,11.37255,59,29.8254,12.54902,885.903,185,1232.5,67.45098,493.1283,1.000003,84.2,5.315418,-2.34375,0.252693,27.34033,-1.462047059,0.1678195,162.9151
184.157,10.19608,11.37255,59,29.8254,13.33333,885.903,185,1091,67.45098,503.2809,1.000003,84.2,5.90602,-2.34375,0.232848,25.47622,-1.403697289,0.1546399,164.7454
184.835,10.19608,10.98039,59,29.8254,13.72549,885.903,185,1037,67.45098,503.2809,1.000003,84.2,5.90602,-2.34375,0.214326,21.74799,-5.498864307,0.142339,152.7901
186.243,11.37255,11.37255,59,29.8254,13.72549,885.903,185,1181.5,67.45098,509.0825,1.000003,86,5.315418,-2.34375,0.210357,19.88388,-1.323941761,0.1397031,142.3295
187.215,10.19608,11.37255,59,29.8254,13.72549,885.903,185,995.5,67.45098,513.4336,1.000003,86,6.201321,-2.34375,0.230202,16.15565,-3.835627572,0.1528827,105.6735
188.801,15.68627,11.76471,59,29.8254,37.2549,1190.063,185,690.25,67.45098,587.4028,1.000003,86,13.58385,-2.34375,0.201096,12.42742,-2.350712484,0.1335527,93.0526
189.69,25.4902,13.72549,59,29.8254,44.31372,1343.62,185,656.25,67.45098,691.83,0.9048435,86,15.94625,-2.34375,0.546399,5.592341,-7.688502812,0.3628767,15.41113
191.76,38.03922,22.7451,59,29.8254,40.39216,1671.404,185,1432.75,53.33333,910.837,0.9044165,86,24.21468,5.46875,0.306936,3.728227,-0.900538164,0.2252812,16.54921
192.662,37.64706,23.13725,59,29.8254,47.05882,2099.59,185,1555.25,53.33333,1063.127,0.900116,86,27.75829,5.46875,1.460592,8.077826,4.82217184,1.072534,7.531532
193.606,57.64706,25.88235,59,29.8254,65.4902,2654.756,185,1432.5,53.33333,1366.255,0.901397,86,27.75829,5.46875,1.702701,10.56331,2.632927966,1.256292,8.408324
194.425,56.86274,27.05882,59,29.8254,67.05882,2882.138,185,1550.25,53.33333,1411.217,0.9939645,86,28.05359,5.46875,1.926288,12.42742,2.276080586,1.41924,8.756394
195.634,78.03922,37.2549,59,29.8254,96.47059,3974.751,185,1891.25,53.33333,2026.177,0.994788,82.4,29.8254,7.8125,2.522961,14.91291,2.055822994,1.685739,8.846511
197.278,86.66666,49.80392,59,29.8254,89.41177,3398.915,185,2369.25,53.33333,1712.896,0.992592,82.4,27.46299,7.8125,4.221693,18.64114,2.267779805,2.818427,6.614021
198.948,61.56863,29.41176,59,29.8254,52.54902,2362.408,185,1843,53.33333,964.501,0.992043,82.4,23.03348,5.46875,3.459645,24.23348,3.348706587,2.314789,10.46898
200.18,27.45098,15.29412,59,29.8254,25.4902,885.903,185,1275,53.33333,433.6628,0.991006,82.4,8.563729,5.46875,0.803061,26.71896,2.017435065,0.5376117,49.69937
201.27,10.19608,12.54902,59,29.8254,12.94118,885.903,185,1275,53.33333,433.6628,0.9944525,80.6,6.791923,-2.34375,0.227556,26.71896,0,0.1524975,175.2092
202.39,12.15686,11.37255,59,29.8254,12.54902,885.903,185,1191,53.33333,453.9681,1.000003,80.6,5.610719,-2.34375,0.293706,26.09759,-0.554794643,0.196146,133.0519
203.93,10.58823,11.37255,59,29.8254,13.33333,885.903,185,1145.75,70.98039,464.1208,1.000003,80.6,5.610719,-2.34375,0.236817,24.85485,-0.806974026,0.1572758,158.0335
204.628,10.19608,10.98039,59,29.8254,14.11765,885.903,185,966.75,70.98039,474.2734,1.000003,80.6,6.201321,-2.34375,0.216972,21.74799,-4.451088825,0.1440963,150.9268
205.504,10.98039,10.98039,59,29.8254,14.90196,885.903,185,1066.25,70.98039,478.6245,1.000003,84.2,6.201321,-2.34375,0.194481,19.88388,-2.127979452,0.1291595,153.9483
206.187,10.98039,11.37255,59,29.8254,14.11765,885.903,185,1029.25,70.98039,484.4261,1.000003,84.2,6.201321,-2.34375,0.218295,16.77702,-4.548843338,0.1449749,115.7236
206.937,10.98039,10.98039,59,29.8254,15.68627,885.903,185,866.5,70.98039,484.4261,1.000003,84.2,6.496622,-2.34375,0.206388,14.29154,-3.313973333,0.1370672,104.2666
207.625,13.33333,15.29412,59,29.8254,21.56863,885.903,185,804.75,70.98039,433.6628,1.000003,84.2,10.04023,-2.34375,0.186543,11.80605,-3.612630814,0.1238877,95.29642
208.484,18.43137,12.54902,59,29.8254,31.76471,921.3391,185,673.5,70.98039,443.8155,0.904813,84.2,14.17445,-2.34375,0.387639,9.941939,-2.170094296,0.2574404,38.61842
209.156,22.35294,11.37255,59,29.8254,33.72549,965.6343,185,667.25,70.98039,498.9298,0.9048435,84.2,14.17445,-2.34375,0.422037,7.456454,-3.698638393,0.3097722,24.07077
210.264,26.66667,13.33333,59,29.8254,46.66667,1361.338,185,653,70.98039,687.4789,0.9042335,84.2,15.65095,-2.34375,0.464373,3.728227,-3.364825812,0.340835,10.93851
210.945,25.88235,12.15686,59,29.8254,42.35294,1225.499,185,660.75,70.98039,628.0134,0.904325,84.2,15.06035,-2.34375,0.473634,0.6213712,-4.562196476,0.3478668,1.786233
212.602,25.4902,12.94118,59,29.8254,41.96078,1193.016,185,638.25,60.39216,593.2043,0.904325,86,15.06035,-2.34375,0.402192,0,-0.374997707,0.2953654,0
213.533,25.09804,12.54902,59,29.8254,41.96078,1207.781,185,633.25,60.39216,607.7081,0.904325,86,15.06035,-2.34375,0.419391,0,0,0.3079961,0
214.619,25.09804,12.54902,59,29.8254,42.7451,1190.063,185,607.5,60.39216,583.0517,0.904325,86,14.76505,-2.34375,0.400869,0,0,0.2943938,0
215.958,23.52941,11.37255,59,29.8254,36.07843,1004.023,185,557.75,60.39216,503.2809,0.904325,86,12.99324,-2.34375,0.203742,0,0,0.1496259,0
216.83,20.39216,11.76471,59,29.8254,35.68628,986.3054,185,558.75,60.39216,498.9298,0.904325,86,12.99324,-2.34375,0.312228,0,0,0.2292968,0
217.53,20.78431,11.76471,59,29.8254,35.68628,974.4933,185,563,60.39216,493.1283,0.904325,86,13.28854,-2.34375,0.297675,0,0,0.2186092,0
218.988,20.39216,11.76471,59,29.8254,35.68628,986.3054,185,554,60.39216,484.4261,0.904325,86,13.28854,-2.34375,0.297675,0,0,0.2186092,0
220.023,21.17647,11.37255,59,29.8254,33.72549,927.2451,185,571,60.39216,459.7696,0.994239,86,12.69794,-2.34375,0.320166,0,0,0.2351264,0
221.404,19.60784,11.76471,59,29.8254,34.11765,953.8222,185,598,60.39216,453.9681,0.994239,86,12.10734,-2.34375,0.279153,0,0,0.1864671,0
222.205,28.23529,10.58823,59,29.8254,42.7451,1207.781,185,705,60.39216,603.357,0.994239,86,14.17445,-2.34375,1.169532,0,0,0.7812176,0
223.332,25.09804,12.94118,59,29.8254,41.17647,1184.157,185,718,60.39216,587.4028,0.994239,86,14.76505,-2.34375,0.404838,0,0,0.2704214,0
224.21,25.09804,12.54902,59,29.8254,40.78431,1181.204,185,705.25,60.39216,597.5555,0.994239,86,14.76505,-2.34375,0.41013,0,0,0.2739564,0
225.502,24.31373,12.54902,59,29.8254,39.60784,1151.674,185,709,60.39216,583.0517,0.994239,87.8,14.17445,-2.34375,0.37044,0,0,0.2474445,0
226.779,23.92157,12.54902,59,29.8254,38.82353,1136.909,185,702.5,60.39216,578.7006,0.994239,87.8,13.87915,-2.34375,0.38367,0,0,0.2562818,0
228.119,23.92157,12.54902,59,29.8254,39.21569,1142.815,185,704.25,60.39216,578.7006,0.994239,87.8,14.46975,-2.34375,0.369117,0,0,0.2465607,0
228.962,23.92157,12.54902,59,29.8254,37.2549,1004.023,185,700.5,60.39216,468.4719,0.994239,87.8,11.81204,-2.34375,0.391608,0,0,0.2615842,0
229.818,18.03922,12.15686,59,29.8254,29.80392,885.903,185,695.5,60.39216,429.3117,0.994239,87.8,11.51674,-2.34375,0.213003,0,0,0.1422806,0
230.787,18.43137,11.76471,59,29.8254,30.58824,885.903,185,670.5,60.39216,429.3117,0.994239,87.8,11.81204,-2.34375,0.276507,0,0,0.1846996,0
231.694,18.43137,11.76471,59,29.8254,30.98039,885.903,185,668.75,60.39216,449.617,0.994239,87.8,11.81204,-2.34375,0.2646,0,0,0.1767461,0
232.734,18.03922,11.76471,59,29.8254,30.19608,885.903,185,655.5,60.39216,449.617,0.994239,87.8,11.81204,-2.34375,0.250047,0,0,0.167025,0
234.057,18.03922,11.76471,59,29.8254,32.94118,986.3054,185,677.75,60,765.7993,0.994239,87.8,20.08047,5.46875,0.276507,0,0,0.1846996,0
234.862,35.29412,18.82353,59,29.8254,45.88235,1804.289,185,1210,60,949.9972,0.9904265,87.8,28.3489,5.46875,0.919485,0,0,0.6141925,0
236.025,58.03922,29.01961,59,29.8254,75.29412,3691.262,185,1975.75,60,2075.49,0.991799,87.8,27.75829,7.8125,2.034774,3.106856,2.671415305,1.364409,2.277071
236.794,67.05882,30.98039,59,29.8254,72.94118,4042.671,185,2251.5,60,2055.185,0.9921345,87.8,27.16769,7.8125,3.630312,9.941939,8.888274382,2.430922,4.089782
237.962,60,29.01961,59,29.8254,63.13726,3818.242,185,2495.5,60,2000.07,0.991311,82.4,29.2348,7.8125,3.779811,13.04879,2.659975171,2.530173,5.157274
238.9,83.52941,41.17647,59,29.8254,96.86275,4326.16,185,1971.5,60,2149.459,0.9929885,82.4,29.8254,7.8125,3.565485,17.39839,4.637100213,2.388688,7.283662
239.816,81.96078,42.7451,59,29.8254,82.74509,4417.703,185,2420.25,60,2129.154,0.990823,82.4,27.75829,7.8125,4.596102,21.12662,4.070120087,3.073945,6.872803
240.997,58.82353,29.41176,59,29.8254,67.05882,4125.355,185,2466.25,60,2069.688,0.99003,82.4,27.75829,7.8125,4.076163,24.23348,2.630702794,2.73216,8.869714
242.187,67.05882,35.29412,59,29.8254,93.33334,4429.515,185,2112.75,60,2139.307,0.9914025,80.6,29.5301,7.8125,3.529764,27.34033,2.610798319,2.367816,11.54664
242.888,88.23529,49.01961,59,29.8254,97.64706,4429.515,185,2306,60,2198.772,0.990945,80.6,28.9395,7.8125,5.442822,30.44719,4.432039943,3.646068,8.350691
244.357,81.17647,43.92157,59,29.8254,87.45098,4429.515,185,2473.5,50.19608,2213.276,0.990152,80.6,27.16769,7.8125,5.526171,32.93267,1.69195371,3.703612,8.892043
245.362,76.86275,37.2549,59,29.8254,81.96078,4385.22,185,1932.5,50.19608,1985.567,0.9903045,80.6,28.9395,7.8125,5.209974,36.6609,3.709681592,3.494494,10.49104
246.447,71.37255,41.17647,59,29.8254,85.4902,4169.65,185,1914.5,50.19608,1926.101,0.9915855,78.8,28.3489,7.8125,4.062933,37.90364,1.145382488,2.724718,13.91103
247.602,60.39216,32.54902,59,29.8254,67.84314,3552.471,185,1990.25,50.19608,1723.048,0.989725,78.8,28.3489,7.8125,2.812698,39.76776,1.61395671,1.883838,21.10996
248.653,59.60784,31.76471,59,29.8254,66.27451,3452.069,185,2042.25,50.19608,1683.888,0.9896945,78.8,28.05359,7.8125,3.206952,41.0105,1.182435775,2.151932,19.05752
249.377,54.5098,30.19608,59,29.8254,59.60784,2861.467,185,2089.5,50.19608,1242.973,0.9909145,78.8,27.46299,7.8125,2.967489,42.25324,1.716491713,1.991309,21.21883
250.581,40,26.27451,59,29.8254,51.37255,2592.743,185,1769.5,50.19608,1559.156,0.9917685,77,28.9395,5.46875,2.255715,42.87461,0.51608804,1.511815,28.35969
251.462,47.84314,21.17647,59,29.8254,47.45098,1904.691,185,1516.75,50.19608,845.57,0.991067,77,20.37577,5.46875,1.91835,43.49598,0.705300795,1.284601,33.85953
252.374,25.88235,14.5098,59,29.8254,30.19608,1204.828,185,1283.5,50.19608,568.5479,0.990762,77,17.42276,5.46875,0.510678,43.49598,0,0.3422117,127.1026
253.087,27.05882,18.03922,59,29.8254,34.5098,1420.398,185,1311,50.19608,716.4865,0.992104,77,20.96637,5.46875,0.861273,43.49598,0,0.5773274,75.34024
254.514,23.13725,12.54902,59,29.8254,23.13725,885.903,185,1249.25,70.98039,468.4719,0.9923175,78.8,7.087224,-2.34375,0.289737,42.87461,-0.435437982,0.1939534,221.0562
255.578,10.58823,11.37255,59,29.8254,13.33333,885.903,185,1375.25,70.98039,474.2734,1.000003,78.8,5.610719,-2.34375,0.226233,42.25324,-0.583994361,0.1514105,279.0641
256.413,10.58823,11.76471,59,29.8254,12.54902,885.903,185,1417.75,70.98039,449.617,1.000003,78.8,6.496622,5.46875,0.25137,41.63187,-0.744155689,0.1669408,249.381
257.675,10.58823,12.54902,59,29.8254,12.54902,885.903,185,1371,70.98039,433.6628,0.9044775,78.8,6.496622,5.46875,0.382347,40.38913,-0.98473851,0.2539258,159.0588
258.719,10.19608,12.54902,59,29.8254,12.54902,885.903,185,1357.5,70.98039,433.6628,0.904447,82.4,6.791923,5.46875,0.377055,39.76776,-0.595181992,0.2768583,143.6394
259.632,10.98039,12.54902,59,29.8254,13.33333,885.903,185,1338,70.98039,433.6628,0.9044165,82.4,7.087224,5.46875,0.382347,39.14639,-0.680580504,0.2807536,139.4333
260.537,16.47059,12.94118,59,29.8254,18.03922,885.903,185,1323.25,70.98039,453.9681,0.904447,82.4,9.449632,5.46875,0.406161,38.52501,-0.686607735,0.29825,129.1702
261.584,15.29412,13.72549,59,29.8254,18.82353,885.903,185,1302,70.98039,429.3117,0.904447,82.4,9.744933,5.46875,0.525231,38.52501,0,0.3856718,99.89066
262.521,15.29412,13.72549,59,29.8254,18.43137,885.903,185,1292.75,70.98039,433.6628,0.9044165,82.4,9.744933,5.46875,0.496125,37.90364,-0.663148346,0.3642996,104.0453
263.311,15.29412,13.33333,59,29.8254,18.82353,885.903,185,1285.25,70.98039,429.3117,0.9024035,82.4,9.744933,5.46875,0.488187,37.28227,-0.786544304,0.3584829,104.0001
264.548,20,15.29412,59,29.8254,26.27451,1015.835,185,1272.75,60.39216,523.5862,0.9019155,82.4,14.46975,5.46875,0.645624,37.28227,0,0.4751487,78.46442
265.357,18.03922,13.72549,59,29.8254,21.56863,885.903,185,1265.75,60.39216,443.8155,0.902739,82.4,12.10734,5.46875,0.160083,36.6609,-0.768071693,0.1178773,311.0091
266.287,18.43137,14.11765,59,29.8254,23.13725,894.762,185,1263.5,60.39216,464.1208,0.995276,82.4,14.17445,5.46875,0.556983,36.6609,0,0.4097608,89.46902
267.227,36.07843,24.31373,59,29.8254,49.80392,2229.522,185,1296,60.39216,1183.508,0.991067,82.4,28.3489,5.46875,2.713473,36.6609,0,1.810642,20.24746
268.335,49.01961,23.92157,59,29.8254,55.68628,2270.865,185,1316.75,60.39216,1097.936,0.9930495,82.4,28.3489,5.46875,1.698732,37.28227,0.560803249,1.138341,32.7514
269.98,42.7451,25.4902,59,29.8254,51.76471,2161.603,185,1352,60.39216,1113.89,0.9923175,82.4,28.6442,5.46875,1.446039,37.90364,0.377732523,0.9670742,39.19414
271.225,43.13726,24.31373,59,29.8254,54.11765,2329.925,185,1380.5,60.39216,1187.859,0.991677,80.6,28.9395,5.46875,1.381212,39.14639,0.998192771,0.9244009,42.34784
272.243,79.21568,32.94118,59,29.8254,96.07843,2769.923,185,1400.75,60.39216,1361.904,0.994849,80.6,29.2348,5.46875,2.648646,39.76776,0.610383104,1.773799,22.41954
273.309,83.13725,38.82353,59,29.8254,98.43137,2828.984,185,1442.5,60.39216,1396.713,0.9946355,80.6,29.8254,7.8125,2.983365,41.0105,1.165797373,1.99159,20.59184
274.145,81.56863,37.2549,59,29.8254,89.80392,2917.574,185,1477.75,60.39216,1440.225,0.9940865,80.6,29.8254,7.8125,2.173689,42.25324,1.4865311,1.45139,29.11226
275.496,63.52941,36.07843,59,29.8254,73.72549,2982.54,185,1520.75,74.5098,1440.225,0.991799,77,28.05359,5.46875,2.462103,42.87461,0.459933383,1.644874,26.06559
276.212,43.13726,23.13725,59,29.8254,48.23529,2149.791,185,1528.5,74.5098,1023.966,0.991677,77,26.57709,5.46875,1.555848,44.11736,1.735684358,1.041824,42.34628
277.428,40.78431,21.56863,59,29.8254,43.52941,1901.738,185,1537,74.5098,900.6843,0.990335,77,23.91938,5.46875,1.816479,44.11736,0,1.216496,36.26591
278.229,30.19608,16.07843,59,29.8254,33.72549,1497.176,185,1333,74.5098,726.639,0.990823,77,22.44288,5.46875,0.932715,44.73873,0.775742821,0.6254859,71.52636
279.525,28.62745,16.47059,59,29.8254,31.37255,1157.58,185,1292.25,74.5098,538.09,0.990518,78.8,13.87915,5.46875,0.963144,44.73873,0,0.6455737,69.30073
280.299,20.78431,15.29412,59,29.8254,26.27451,1018.788,185,1283,74.5098,519.2351,0.9945745,78.8,14.46975,5.46875,0.481572,44.11736,-0.802803618,0.3228862,136.6344
281.522,22.7451,14.90196,59,29.8254,27.84314,1071.943,185,1273.75,74.5098,533.7389,0.993629,78.8,15.35565,5.46875,0.726327,44.11736,0,0.4850042,90.96282
282.335,22.7451,15.68627,59,29.8254,29.01961,1113.285,185,1270.5,74.5098,543.8915,0.993507,78.8,15.35565,5.46875,0.670761,43.49598,-0.764305043,0.4483263,97.01859
283.625,23.92157,14.90196,59,29.8254,30.98039,1190.063,185,1258.25,74.5098,583.0517,0.9932325,80.6,13.87915,5.46875,0.719712,43.49598,0,0.4811035,90.40879
284.604,20.39216,14.5098,59,29.8254,26.27451,998.1174,185,1254.25,74.5098,488.7772,0.994117,80.6,15.35565,5.46875,0.650916,42.87461,-0.634698672,0.4352359,98.50891
285.729,25.09804,15.29412,59,29.8254,31.76471,1308.183,185,1274,70.98039,642.5172,0.9928665,80.6,19.78517,5.46875,0.722358,42.87461,0,0.4825759,88.84531
286.842,27.45098,16.86275,59,29.8254,35.68628,1358.385,185,1249.5,70.98039,646.8683,0.9920125,80.6,17.42276,5.46875,1.025325,42.87461,0,0.6858377,62.51423
287.825,22.7451,10.98039,59,29.8254,22.7451,885.903,185,1241,70.98039,433.6628,0.993263,80.6,11.51674,5.46875,0.37044,42.87461,0,0.2479998,172.8816
288.662,18.03922,13.72549,59,29.8254,22.35294,885.903,185,1234.75,70.98039,453.9681,0.9945745,80.6,12.40264,5.46875,0.517293,42.25324,-0.742377539,0.3458781,122.1622
289.608,18.82353,13.72549,59,29.8254,23.92157,903.621,185,1225.75,70.98039,433.6628,0.994544,80.6,12.69794,5.46875,0.519939,42.25324,0,0.3471888,121.701
290.697,20.78431,15.29412,59,29.8254,27.05882,1068.99,185,1229.25,70.98039,533.7389,0.994178,80.6,23.91938,5.46875,0.533169,41.63187,-0.570587695,0.3560341,116.9323
292.229,35.29412,9.411765,59,29.8254,29.01961,1151.674,185,1450.5,70.98039,523.5862,0.9890845,80.6,14.46975,5.46875,1.341522,42.25324,0.405593995,0.8961574,47.14935
293.227,21.17647,14.5098,59,29.8254,24.31373,953.8222,185,1433.5,70.98039,464.1208,0.9940255,80.6,12.10734,5.46875,0.717066,41.63187,-0.62261523,0.4814779,86.46683
294.07,20.39216,14.90196,59,29.8254,23.92157,968.5873,185,1433.75,70.98039,484.4261,0.9942695,80.6,12.40264,5.46875,0.685314,41.63187,0,0.4578706,90.92497
295.081,20.39216,14.5098,59,29.8254,23.92157,956.7753,185,1424.25,70.98039,468.4719,0.9942695,80.6,12.69794,5.46875,0.669438,41.63187,0,0.4471538,93.10414
296.787,20.39216,14.5098,59,29.8254,24.70588,986.3054,185,1417,67.45098,439.4644,0.994361,80.6,7.677826,-2.34375,0.642978,41.63187,0,0.4294797,96.93559
297.772,9.019608,10.98039,59,29.8254,12.54902,885.903,185,1353,67.45098,459.7696,1.000003,80.6,5.610719,-2.34375,0.306936,41.0105,-0.630832487,0.2050003,200.0509
298.55,10.19608,11.37255,59,29.8254,12.15686,885.903,185,1270.5,67.45098,459.7696,1.000003,80.6,5.315418,-2.34375,0.268569,39.76776,-1.597352185,0.1783631,222.9595
299.231,10.19608,11.37255,59,29.8254,12.94118,885.903,185,1235,67.45098,459.7696,1.000003,80.6,5.315418,-2.34375,0.256662,38.52501,-1.824889868,0.1704554,226.0123
300.361,10.19608,11.37255,59,29.8254,12.94118,885.903,185,1192,67.45098,464.1208,1.000003,82.4,5.610719,-2.34375,0.244755,36.6609,-1.649654867,0.1625477,225.5394
301.169,10.58823,12.94118,59,29.8254,14.90196,885.903,185,1143,67.45098,439.4644,1.000003,82.4,7.087224,-2.34375,0.236817,34.17542,-3.076089109,0.1572758,217.296
302.288,10.58823,11.76471,59,29.8254,13.33333,885.903,185,1281,67.45098,443.8155,0.904386,82.4,6.496622,-2.34375,0.312228,32.3113,-1.66588025,0.2073581,155.8237
303.089,12.54902,11.76471,59,29.8254,12.15686,885.903,185,1202.75,67.45098,433.6628,1.000003,82.4,7.087224,-2.34375,0.347949,27.34033,-6.205955056,0.2555127,107.0019
304.442,10.58823,15.29412,59,29.8254,26.66667,885.903,185,822,67.45098,433.6628,0.9044165,82.4,11.81204,-2.34375,0.314874,23.6121,-2.755528455,0.2091154,112.9143
305.304,16.07843,12.15686,59,29.8254,26.27451,885.903,185,656.5,67.45098,433.6628,0.904691,82.4,10.63084,-2.34375,0.130977,15.53428,-9.371020882,0.09617833,161.5154
306.239,15.68627,12.94118,59,29.8254,29.01961,912.4801,185,647.5,89.41177,484.4261,0.9045995,82.4,13.58385,-2.34375,0.280476,9.941939,-5.981113369,0.2058951,48.28642
307.115,24.70588,13.33333,59,29.8254,43.13726,1284.559,185,653.5,89.41177,657.0209,0.9047215,82.4,15.94625,-2.34375,0.367794,4.97097,-5.674622146,0.2700219,18.40951
308.148,27.45098,11.37255,59,29.8254,43.52941,1252.076,185,651,89.41177,603.357,0.904325,82.4,15.06035,-2.34375,0.469665,1.242742,-3.609126815,0.3447656,3.604601
308.967,25.4902,12.94118,59,29.8254,42.35294,1190.063,185,646.75,89.41177,603.357,0.904325,82.4,15.06035,-2.34375,0.404838,0,-1.517389499,0.2973086,0
309.993,24.70588,12.54902,59,29.8254,41.56863,1172.345,185,644.25,89.41177,558.3953,0.904325,82.4,14.46975,-2.34375,0.3969,0,0,0.291479,0
310.845,24.70588,12.94118,59,29.8254,42.35294,1190.063,185,621.5,89.41177,572.899,0.904325,82.4,14.76505,-2.34375,0.406161,0,0,0.2982801,0
312.092,24.70588,12.15686,59,29.8254,39.60784,1063.084,185,584,89.41177,533.7389,0.904325,84.2,12.69794,-2.34375,0.392931,0,0,0.2885642,0
312.95,19.60784,11.76471,59,29.8254,33.72549,933.1512,185,575.75,89.41177,449.617,0.904325,84.2,12.69794,-2.34375,0.281799,0,0,0.2069501,0
313.96,19.60784,11.76471,59,29.8254,34.5098,953.8222,185,557.75,89.41177,453.9681,0.904325,84.2,12.69794,-2.34375,0.29106,0,0,0.2137513,0
314.781,19.60784,11.76471,59,29.8254,34.5098,933.1512,185,544.25,89.41177,453.9681,0.904325,84.2,12.69794,-2.34375,0.30429,0,0,0.2234672,0
316.006,20,11.76471,59,29.8254,34.5098,942.0102,183.2,556.5,67.45098,453.9681,0.904325,84.2,12.99324,-2.34375,0.255339,0,0,0.1875181,0
317.093,19.60784,11.76471,59,29.8254,34.11765,944.9632,183.2,559,67.45098,453.9681,0.904325,84.2,12.69794,-2.34375,0.273861,0,0,0.2011205,0
318.068,20,11.76471,59,29.8254,34.5098,944.9632,183.2,565.25,67.45098,459.7696,0.904325,84.2,12.10734,-2.34375,0.234171,0,0,0.1719726,0
319.229,19.21569,11.76471,59,29.8254,33.33333,921.3391,183.2,548.75,67.45098,459.7696,0.994239,84.2,12.40264,-2.34375,0.231525,0,0,0.1700294,0
320.522,19.60784,11.37255,59,29.8254,34.11765,927.2451,183.2,556.75,67.45098,464.1208,0.994239,84.2,12.69794,-2.34375,0.230202,0,0,0.1537691,0
321.368,19.21569,11.37255,59,29.8254,33.72549,918.3861,183.2,549,67.45098,449.617,0.994239,84.2,12.69794,-2.34375,0.22491,0,0,0.1502341,0
322.45,19.60784,11.37255,59,29.8254,34.11765,915.4331,183.2,562,67.45098,464.1208,0.994239,84.2,12.69794,-2.34375,0.240786,0,0,0.1608389,0
323.309,19.60784,11.37255,59,29.8254,32.54902,900.668,183.2,612,67.45098,439.4644,0.994239,84.2,12.10734,-2.34375,0.255339,0,0,0.1705599,0
324.481,27.84314,9.411765,59,29.8254,39.21569,1107.379,183.2,698.5,67.45098,562.7464,0.994239,84.2,13.87915,-2.34375,0.402192,0,0,0.268654,0
325.517,24.70588,12.54902,59,29.8254,40.78431,1175.298,183.2,716.75,67.45098,578.7006,0.994239,84.2,14.46975,-2.34375,0.395577,0,0,0.2642353,0
326.511,25.4902,12.54902,59,29.8254,41.56863,1195.969,183.2,706.75,67.05882,578.7006,0.994239,84.2,14.46975,-2.34375,0.415422,0,0,0.2774913,0
327.296,24.70588,12.54902,59,29.8254,40,1148.721,183.2,712.75,67.05882,552.5938,0.994239,84.2,14.46975,-2.34375,0.365148,0,0,0.2439096,0
328.329,24.31373,12.54902,59,29.8254,39.21569,1131.003,183.2,704.25,67.05882,548.2427,0.994239,84.2,14.17445,-2.34375,0.363825,0,0,0.2430258,0
329.475,23.92157,12.54902,59,29.8254,39.21569,1128.05,183.2,702.5,67.05882,543.8915,0.994239,84.2,13.87915,-2.34375,0.365148,0,0,0.2439096,0
330.725,23.92157,12.54902,59,29.8254,38.82353,1119.191,183.2,708.5,67.05882,562.7464,0.994239,84.2,14.17445,-2.34375,0.391608,0,0,0.2615842,0
331.588,23.52941,9.411765,59,29.8254,32.15686,885.903,183.2,697.75,67.05882,459.7696,0.994239,84.2,11.51674,-2.34375,0.359856,0,0,0.2403746,0
332.595,18.03922,12.15686,59,29.8254,29.41176,885.903,183.2,693,67.05882,424.9606,0.994239,84.2,11.51674,-2.34375,0.342657,0,0,0.2288861,0
333.476,17.64706,12.15686,59,29.8254,30.19608,885.903,183.2,661.5,67.05882,429.3117,0.994239,84.2,11.81204,-2.34375,0.333396,0,0,0.2227,0
334.418,17.64706,12.15686,59,29.8254,29.41176,885.903,183.2,653,67.05882,429.3117,0.994239,84.2,11.22144,-2.34375,0.302967,0,0,0.2023742,0
335.338,17.64706,12.15686,59,29.8254,29.41176,885.903,183.2,642.25,67.05882,429.3117,0.994239,84.2,11.51674,-2.34375,0.31752,0,0,0.2120953,0
336.464,17.64706,12.15686,59,29.8254,30.58824,885.903,185,603.25,67.05882,449.617,0.994239,84.2,12.40264,-2.34375,0.292383,0,0,0.1953044,0
337.584,18.82353,11.76471,59,29.8254,32.94118,909.5271,185,563,67.05882,459.7696,0.994239,84.2,12.40264,-2.34375,0.285768,0,0,0.1908857,0
338.457,19.21569,11.76471,59,29.8254,33.33333,903.621,185,552.5,67.05882,439.4644,0.994239,84.2,12.40264,-2.34375,0.273861,0,0,0.1829322,0
339.385,19.21569,11.76471,59,29.8254,33.33333,915.4331,185,559,67.05882,449.617,0.994239,84.2,12.10734,-2.34375,0.298998,0,0,0.199723,0
340.475,19.21569,11.76471,59,29.8254,33.33333,915.4331,185,553,67.05882,439.4644,0.994239,84.2,12.40264,-2.34375,0.261954,0,0,0.1749786,0
341.439,19.60784,11.76471,59,29.8254,34.11765,924.2921,185,555.5,67.05882,453.9681,0.994239,84.2,12.40264,-2.34375,0.287091,0,0,0.1917695,0
342.39,19.60784,11.76471,59,29.8254,34.5098,942.0102,185,559.25,67.05882,474.2734,0.994239,84.2,12.69794,-2.34375,0.297675,0,0,0.1988393,0
343.256,19.60784,11.76471,59,29.8254,34.5098,939.0572,185,548,67.05882,453.9681,0.994239,84.2,12.69794,-2.34375,0.295029,0,0,0.1970719,0
344.453,19.60784,11.76471,59,29.8254,33.72549,924.2921,185,600.5,67.05882,443.8155,0.994239,86,12.10734,-1.5625,0.272538,0,0,0.1820484,0
345.32,25.4902,13.72549,59,29.8254,43.92157,1249.123,185,702.25,67.05882,593.2043,0.994239,86,14.17445,-1.5625,0.837459,0,0,0.5594013,0
346.278,25.4902,13.33333,59,29.8254,41.56863,1201.875,185,716.5,67.45098,603.357,0.994239,86,14.76505,-1.5625,0.469665,0,0,0.3137242,0
347.289,25.4902,12.94118,59,29.8254,41.56863,1213.687,185,703.75,67.45098,587.4028,0.994239,86,14.46975,-1.5625,0.468342,0,0,0.3128405,0
348.291,25.09804,12.94118,59,29.8254,41.17647,1184.157,185,703.5,67.45098,597.5555,0.994239,86,14.17445,-1.5625,0.419391,0,0,0.2801425,0
349.099,25.09804,12.94118,59,29.8254,41.17647,1187.11,185,709.5,67.45098,597.5555,0.994239,86,14.46975,-1.5625,0.445851,0,0,0.2978171,0
350.053,24.70588,12.94118,59,29.8254,40.39216,1169.392,185,711.5,67.45098,562.7464,0.994239,86,13.87915,-1.5625,0.411453,0,0,0.2748401,0
350.967,24.31373,12.94118,59,29.8254,40.39216,1160.533,185,706.75,67.45098,587.4028,0.994239,86,13.87915,-1.5625,0.427329,0,0,0.2854449,0
351.977,24.31373,9.411765,59,29.8254,32.94118,906.5741,185,698.25,67.45098,459.7696,0.994239,86,11.81204,-1.5625,0.43659,0,0,0.291631,0
353.003,18.43137,12.15686,59,29.8254,30.98039,885.903,185,672,67.45098,429.3117,0.994239,86,12.40264,-1.5625,0.280476,0,0,0.1873508,0
353.941,19.21569,12.15686,59,29.8254,32.15686,906.5741,185,660,67.45098,439.4644,0.994239,86,11.81204,-1.5625,0.34398,0,0,0.2297699,0
354.749,18.43137,11.76471,59,29.8254,30.98039,885.903,185,659.25,67.45098,429.3117,0.994239,86,11.51674,-1.5625,0.29106,0,0,0.1944207,0
355.98,18.43137,11.76471,59,29.8254,30.58824,885.903,185,644.75,67.45098,429.3117,0.994239,86,11.51674,-1.5625,0.261954,0,0,0.1749786,0
356.923,18.43137,11.76471,59,29.8254,30.58824,885.903,185,643.75,67.45098,443.8155,0.994239,86,12.10734,-1.5625,0.292383,0,0,0.1953044,0
357.818,18.43137,12.15686,59,29.8254,31.37255,885.903,185,601.75,67.45098,429.3117,0.994239,86,12.40264,-1.5625,0.269892,0,0,0.180281,0
358.761,19.21569,11.37255,59,29.8254,33.72549,921.3391,185,571,67.45098,468.4719,0.994239,86,12.69794,-1.5625,0.240786,0,0,0.1608389,0
359.929,19.21569,11.76471,59,29.8254,34.11765,944.9632,185,556.25,67.45098,453.9681,0.994239,86,12.69794,-1.5625,0.235494,0,0,0.157304,0
360.809,19.60784,11.37255,59,29.8254,34.11765,930.1981,185,556,67.45098,468.4719,0.994239,86,12.69794,-1.5625,0.267246,0,0,0.1785135,0
361.725,19.21569,11.37255,59,29.8254,33.72549,918.3861,185,572,67.45098,443.8155,0.994239,86,12.10734,-1.5625,0.231525,0,0,0.1546528,0
362.592,18.43137,12.15686,59,29.8254,33.33333,918.3861,185,642.25,67.45098,552.5938,0.994239,86,15.35565,-1.5625,0.226233,0,0,0.1511179,0
363.603,24.70588,12.54902,59,29.8254,41.17647,1172.345,185,699.75,67.45098,568.5479,0.994239,86,14.17445,-1.5625,0.29106,0,0,0.1944207,0
364.528,25.88235,12.94118,59,29.8254,41.56863,1210.734,185,707.25,67.45098,587.4028,0.994239,86,14.76505,-1.5625,0.419391,0,0,0.2801425,0
365.476,25.4902,12.54902,59,29.8254,41.96078,1201.875,185,709.25,67.45098,578.7006,0.994239,86,14.76505,-1.5625,0.418068,0,0,0.2792588,0
366.32,25.09804,12.54902,59,29.8254,40.78431,1178.251,185,704.75,67.45098,568.5479,0.994239,86,14.17445,-1.5625,0.382347,0,0,0.255398,0
367.423,24.70588,12.54902,59,29.8254,40.78431,1163.486,185,705.25,67.45098,587.4028,0.994239,86,14.17445,-1.5625,0.37044,0,0,0.2474445,0
368.31,24.31373,12.54902,59,29.8254,40,1154.627,185,703.5,67.45098,558.3953,0.994239,86,14.17445,-1.5625,0.37044,0,0,0.2474445,0
369.28,24.31373,12.54902,59,29.8254,39.60784,1068.99,185,781.25,67.45098,587.4028,0.994239,86,16.24155,5.46875,0.373086,0,0,0.2492119,0
370.004,31.76471,14.5098,59,29.8254,42.35294,1594.625,185,999.25,67.45098,775.9519,0.991311,86,23.62408,5.46875,0.906255,0,0,0.6053552,0
371.133,35.68628,20,59,29.8254,46.27451,2002.141,185,1382,67.45098,1048.623,0.9898165,86,27.16769,5.46875,1.012095,1.864114,1.651119575,0.6780505,2.749225
372.012,49.80392,24.70588,59,29.8254,60,2566.166,185,1837.25,67.45098,1296.637,0.9914635,86,28.05359,5.46875,1.493667,6.213712,4.948348123,1.002189,6.200138
373.029,47.84314,26.27451,59,29.8254,50.58823,2501.199,185,1600.5,67.45098,1366.255,0.990823,86,28.3489,5.46875,2.35494,9.320568,3.054922321,1.577443,5.908654
373.888,58.03922,28.23529,59,29.8254,68.23529,2976.634,185,1635.75,67.45098,1470.683,0.990701,86,28.05359,5.46875,2.471364,12.42742,3.616824214,1.6565,7.50222
375.12,54.90196,25.4902,59,29.8254,65.4902,2837.843,185,1750.5,53.33333,1327.095,0.990884,82.4,27.46299,5.46875,2.173689,14.91291,2.017443182,1.457154,10.23427
376.008,49.01961,27.84314,59,29.8254,55.29412,2569.119,185,1981.5,53.33333,1227.019,0.990518,82.4,27.75829,5.46875,2.140614,18.01976,3.498704955,1.434717,12.5598
376.949,50.98039,29.01961,59,29.8254,64.70588,3094.754,185,1629,53.33333,1544.652,0.990945,82.4,28.05359,5.46875,2.410506,19.88388,1.980998937,1.616205,12.30282
377.801,58.43137,27.84314,59,29.8254,70.98039,3130.191,185,1629,53.33333,1564.957,0.9904265,82.4,28.05359,5.46875,2.261007,21.74799,2.187922535,1.515315,14.35212
378.884,62.35294,28.23529,59,29.8254,72.94118,3239.452,185,1773,53.33333,1593.965,0.990152,80.6,28.05359,7.8125,2.59308,23.6121,1.721246537,1.738779,13.57971
379.965,57.64706,29.80392,59,29.8254,66.27451,3159.721,185,1903,53.33333,1559.156,0.9901215,80.6,28.3489,7.8125,2.567943,25.47622,1.724440333,1.722401,14.79111
380.993,56.07843,30.58824,59,29.8254,61.56863,3059.318,185,2031,53.33333,1554.805,0.990152,80.6,28.3489,7.8125,3.102435,27.34033,1.813336576,2.080966,13.13829
381.958,69.01961,35.68628,59,29.8254,85.88235,3301.465,185,1544.5,53.33333,1485.186,0.9907315,80.6,28.9395,7.8125,3.274425,29.20445,1.93173057,2.19626,13.29735
383.084,72.54902,27.45098,59,29.8254,58.43137,2510.059,185,1538.75,53.33333,1113.89,0.987773,78.8,25.39589,5.46875,2.325834,30.44719,1.103676732,1.559098,19.52872
383.935,35.29412,19.21569,59,29.8254,41.56863,1804.289,185,1573.25,53.33333,910.837,0.986675,78.8,26.28179,5.46875,1.23039,31.68993,1.460329025,0.8272491,38.3076
384.842,45.09804,23.92157,59,29.8254,54.5098,2424.421,185,1612.75,63.92157,1183.508,0.989786,78.8,26.57709,5.46875,1.743714,32.3113,0.68508269,1.173686,27.52977
385.59,45.09804,23.52941,59,29.8254,53.72549,2377.173,185,1645.5,63.92157,1148.699,0.9898165,78.8,26.57709,5.46875,1.721223,32.93267,0.830708556,1.154906,28.51547
386.487,47.45098,24.31373,59,29.8254,56.86274,2501.199,185,1682,63.92157,1237.172,0.989725,78.8,27.46299,5.46875,1.869399,33.55404,0.692720178,1.25429,26.75142
387.367,49.80392,26.27451,59,29.8254,60,2628.179,185,1730.75,63.92157,1267.63,0.989542,78.8,28.05359,5.46875,1.973916,34.79679,1.412215909,1.324539,26.27086
388.215,49.80392,27.45098,59,29.8254,58.82353,2607.508,185,1767.25,63.92157,1227.019,0.9894505,78.8,28.05359,5.46875,2.051973,35.41816,0.732747642,1.377172,25.71804
389.085,39.60784,21.56863,59,29.8254,43.13726,1886.973,185,1787.25,63.92157,865.8753,0.98942,78.8,22.14758,5.46875,1.526742,36.6609,1.428436782,1.02476,35.7751
390.223,23.52941,16.47059,59,29.8254,28.23529,1086.708,185,1349.5,63.92157,478.6245,0.9898165,78.8,11.51674,5.46875,0.620487,36.6609,0,0.4164882,88.02386
390.949,18.03922,14.5098,59,29.8254,22.35294,885.903,185,1254.75,63.92157,449.617,0.994117,78.8,12.10734,5.46875,0.623133,36.6609,0,0.4180967,87.68522
391.953,18.43137,14.5098,59,29.8254,23.52941,912.4801,185,1253.25,63.92157,484.4261,0.9942085,78.8,13.58385,5.46875,0.60858,36.6609,0,0.4065658,90.17212
392.733,20.78431,14.5098,59,29.8254,25.09804,930.1981,185,1249,63.92157,453.9681,0.9934765,78.8,12.99324,5.46875,0.654885,36.03953,-0.796628205,0.4374599,82.38362
393.943,20,14.5098,59,29.8254,24.70588,939.0572,185,1250.75,67.05882,464.1208,0.993812,80.6,12.69794,5.46875,0.629748,36.03953,0,0.4209785,85.60896
394.702,18.82353,14.5098,59,29.8254,23.52941,885.903,185,1236.75,67.05882,433.6628,0.9940865,80.6,12.10734,5.46875,0.938007,36.03953,0,0.626834,57.49454
395.593,18.82353,12.94118,59,29.8254,21.56863,885.903,185,1230.75,67.05882,459.7696,0.9940865,80.6,9.744933,5.46875,0.588735,36.03953,0,0.3933203,91.62896
396.432,12.94118,11.76471,59,29.8254,15.29412,885.903,185,1207,67.05882,453.9681,0.994117,80.6,5.90602,5.46875,0.206388,35.41816,-0.740607867,0.1378831,256.871
397.37,10.58823,11.37255,59,29.8254,13.72549,885.903,185,1179,67.05882,459.7696,1.000003,82.4,5.610719,-1.5625,0.223587,34.79679,-0.662441365,0.1493687,232.959
398.481,10.58823,11.37255,59,29.8254,13.72549,885.903,185,1132.75,67.05882,468.4719,1.000003,82.4,5.610719,-1.5625,0.234171,34.17542,-0.559288929,0.1555186,219.7513
399.301,10.58823,11.37255,59,29.8254,13.72549,885.903,185,1276.75,67.05882,468.4719,1.000003,82.4,5.315418,-1.5625,0.22491,31.68993,-3.031085366,0.1493681,212.1599
400.143,10.98039,11.37255,59,29.8254,12.94118,885.903,185,1245.75,67.05882,474.2734,1.000003,82.4,5.315418,-1.5625,0.240786,29.20445,-2.951876485,0.1599118,182.6285
401.426,10.19608,11.37255,59,29.8254,13.33333,885.903,185,1180,67.05882,484.4261,1.000003,84.2,5.315418,-1.5625,0.236817,26.71896,-1.937248636,0.1572758,169.886
402.42,10.58823,10.98039,59,29.8254,13.72549,885.903,185,1127.25,67.05882,449.617,1.000003,84.2,7.087224,-1.5625,0.220941,24.23348,-2.500482897,0.1467322,165.1544
403.672,10.58823,12.15686,59,29.8254,23.52941,924.2921,185,859.25,77.64706,443.8155,0.904386,84.2,12.40264,-1.5625,0.306936,22.36936,-1.488913738,0.2038435,109.7379
404.526,20.39216,12.54902,59,29.8254,32.15686,918.3861,185,733.5,77.64706,449.617,0.904752,84.2,11.51674,-1.5625,0.332073,21.12662,-1.455199063,0.2438543,86.63625
405.931,18.82353,12.54902,59,29.8254,30.58824,885.903,185,699.25,77.64706,429.3117,0.904874,84.2,11.81204,-1.5625,0.373086,19.26251,-1.326768683,0.2738609,70.33682
406.773,19.21569,9.411765,59,29.8254,27.45098,885.903,185,656.75,77.64706,449.617,0.9049045,84.2,10.04023,-1.5625,0.37044,15.53428,-4.427826603,0.271882,57.13611
407.73,14.90196,11.37255,59,29.8254,24.70588,885.903,185,655.25,77.64706,424.9606,0.9045995,84.2,10.33554,-1.5625,0.255339,13.04879,-2.597168234,0.1873981,69.63143
408.813,15.68627,14.11765,59,29.8254,29.41176,915.4331,185,642.5,77.64706,488.7772,0.904569,84.2,13.58385,-1.5625,0.252693,9.941939,-2.868745152,0.1855186,53.58997
409.807,19.60784,13.72549,59,29.8254,37.2549,1104.426,185,649,77.64706,533.7389,0.9047825,84.2,14.46975,-1.5625,0.11907,6.213712,-3.750731388,0.08742011,71.07875
410.731,26.27451,12.15686,59,29.8254,43.13726,1222.546,185,653,77.64706,657.0209,0.902312,84.2,15.65095,-1.5625,0.358533,3.106856,-3.362398268,0.2631695,11.80553
411.581,25.4902,12.54902,59,29.8254,42.35294,1207.781,185,642.5,77.64706,587.4028,0.904325,84.2,14.76505,-1.5625,0.411453,0.6213712,-2.924099765,0.3028407,2.051809
412.485,25.09804,12.54902,59,29.8254,43.13726,1198.922,185,614,77.64706,603.357,0.904325,84.2,15.06035,-1.5625,0.387639,0,-0.687357522,0.2846778,0
413.78,25.09804,12.15686,59,29.8254,37.64706,1039.459,185,582,74.5098,498.9298,0.904325,84.2,12.99324,-1.5625,0.367794,0,0,0.2701038,0
414.868,20.39216,11.76471,59,29.8254,35.68628,983.3524,185,563.25,74.5098,468.4719,0.904325,84.2,12.69794,-1.5625,0.280476,0,0,0.2059785,0
415.787,20.39216,11.76471,59,29.8254,34.90196,959.7283,185,565.5,74.5098,484.4261,0.904325,84.2,12.99324,-1.5625,0.298998,0,0,0.2195808,0
416.6,20,11.76471,59,29.8254,34.90196,944.9632,185,556.25,74.5098,459.7696,0.904325,84.2,12.69794,-1.5625,0.257985,0,0,0.1894613,0
417.567,20,11.76471,59,29.8254,34.90196,950.8692,185,564.75,74.5098,464.1208,0.904325,86,12.69794,-1.5625,0.242109,0,0,0.1778022,0
418.462,19.60784,11.76471,59,29.8254,33.72549,924.2921,185,560.25,74.5098,443.8155,0.994239,86,12.40264,-1.5625,0.129654,0,0,0.09521647,0
419.462,19.60784,11.37255,59,29.8254,33.72549,918.3861,185,560,74.5098,443.8155,0.994239,86,12.40264,-1.5625,0.244755,0,0,0.1634901,0
420.285,19.60784,11.37255,59,29.8254,33.33333,903.621,185,611,74.5098,439.4644,0.994239,86,11.81204,-1.5625,0.2646,0,0,0.1767461,0
421.206,18.43137,12.94118,59,29.8254,40.78431,1328.854,185,686.5,74.5098,617.8608,0.994239,86,13.58385,-1.5625,0.269892,0,0,0.180281,0
422.115,24.31373,12.54902,59,29.8254,40,1154.627,185,712.25,74.5098,558.3953,0.994239,86,14.17445,-1.5625,0.367794,0,0,0.245677,0
